ID,Type,SKU,Name,Published,Is featured?,Visibility in catalog,Short description,Description,Date sale price starts,Date sale price ends,Tax status,Tax class,In stock?,Stock,Low stock amount,Backorders allowed?,Sold individually?,Weight (kg),Length (cm),Width (cm),Height (cm),Allow customer reviews?,Purchase note,Sale price,Regular price,Categories,Tags,Shipping class,Images,Download limit,Download expiry days,Parent,Grouped products,Upsells,Cross-sells,External URL,Button text,Position,Attribute 1 name,Attribute 1 value(s),Attribute 1 visible,Attribute 1 global,Attribute 2 name,Attribute 2 value(s),Attribute 2 visible,Attribute 2 global,Attribute 3 name,Attribute 3 value(s),Attribute 3 visible,Attribute 3 global,Attribute 4 name,Attribute 4 value(s),Attribute 4 visible,Attribute 4 global,Attribute 5 name,Attribute 5 value(s),Attribute 5 visible,Attribute 5 global,,1500,3000,3000,2500,5000,Total Price
3613,"variation, virtual",,Coastline Cruising (half day),1,0,visible,,,,,taxable,parent,1,,,0,0,,,,,0,,,12500,,,,,,,id:3607,,,,,,31,"Add'l Guest (1,500 THB each)",No additional guests,,1,Add Birthday Package?,Without Birthday Package (0 THB),,1,Add I-Love-You Package?,Without I-Love-You Package (0 THB),,1,Add Masseuse?,Without Massuese (0 THB),,1,Add Photographer?,Without Photographer (0 THB),,1,,0,0,0,0,0,12500
3614,"variation, virtual",,Coastline Cruising (half day),1,0,visible,,,,,taxable,parent,1,,,0,0,,,,,0,,,17500,,,,,,,id:3607,,,,,,32,"Add'l Guest (1,500 THB each)",No additional guests,,1,Add Birthday Package?,Without Birthday Package (0 THB),,1,Add I-Love-You Package?,Without I-Love-You Package (0 THB),,1,Add Masseuse?,Without Massuese (0 THB),,1,Add Photographer?,"With Photographer (5\,000 THB)",,1,,0,0,0,0,5000,17500
3615,"variation, virtual",,Coastline Cruising (half day),1,0,visible,,,,,taxable,parent,1,,,0,0,,,,,0,,,17500,,,,,,,id:3607,,,,,,33,"Add'l Guest (1,500 THB each)",No additional guests,,1,Add Birthday Package?,Without Birthday Package (0 THB),,1,Add I-Love-You Package?,Without I-Love-You Package (0 THB),,1,Add Masseuse?,"With Massuese (2\,500 THB)",,1,Add Photographer?,Without Photographer (0 THB),,1,,0,0,0,5000,0,17500
3616,"variation, virtual",,Coastline Cruising (half day),1,0,visible,,,,,taxable,parent,1,,,0,0,,,,,0,,,22500,,,,,,,id:3607,,,,,,34,"Add'l Guest (1,500 THB each)",No additional guests,,1,Add Birthday Package?,Without Birthday Package (0 THB),,1,Add I-Love-You Package?,Without I-Love-You Package (0 THB),,1,Add Masseuse?,"With Massuese (2\,500 THB)",,1,Add Photographer?,"With Photographer (5\,000 THB)",,1,,0,0,0,5000,5000,22500
3617,"variation, virtual",,Coastline Cruising (half day),1,0,visible,,,,,taxable,parent,1,,,0,0,,,,,0,,,15500,,,,,,,id:3607,,,,,,35,"Add'l Guest (1,500 THB each)",No additional guests,,1,Add Birthday Package?,Without Birthday Package (0 THB),,1,Add I-Love-You Package?,"With I-Love-You Package (3\,000 THB)",,1,Add Masseuse?,Without Massuese (0 THB),,1,Add Photographer?,Without Photographer (0 THB),,1,,0,0,3000,0,0,15500
3618,"variation, virtual",,Coastline Cruising (half day),1,0,visible,,,,,taxable,parent,1,,,0,0,,,,,0,,,20500,,,,,,,id:3607,,,,,,36,"Add'l Guest (1,500 THB each)",No additional guests,,1,Add Birthday Package?,Without Birthday Package (0 THB),,1,Add I-Love-You Package?,"With I-Love-You Package (3\,000 THB)",,1,Add Masseuse?,Without Massuese (0 THB),,1,Add Photographer?,"With Photographer (5\,000 THB)",,1,,0,0,3000,0,5000,20500
3619,"variation, virtual",,Coastline Cruising (half day),1,0,visible,,,,,taxable,parent,1,,,0,0,,,,,0,,,20500,,,,,,,id:3607,,,,,,37,"Add'l Guest (1,500 THB each)",No additional guests,,1,Add Birthday Package?,Without Birthday Package (0 THB),,1,Add I-Love-You Package?,"With I-Love-You Package (3\,000 THB)",,1,Add Masseuse?,"With Massuese (2\,500 THB)",,1,Add Photographer?,Without Photographer (0 THB),,1,,0,0,3000,5000,0,20500
3620,"variation, virtual",,Coastline Cruising (half day),1,0,visible,,,,,taxable,parent,1,,,0,0,,,,,0,,,25500,,,,,,,id:3607,,,,,,38,"Add'l Guest (1,500 THB each)",No additional guests,,1,Add Birthday Package?,Without Birthday Package (0 THB),,1,Add I-Love-You Package?,"With I-Love-You Package (3\,000 THB)",,1,Add Masseuse?,"With Massuese (2\,500 THB)",,1,Add Photographer?,"With Photographer (5\,000 THB)",,1,,0,0,3000,5000,5000,25500
3621,"variation, virtual",,Coastline Cruising (half day),1,0,visible,,,,,taxable,parent,1,,,0,0,,,,,0,,,15500,,,,,,,id:3607,,,,,,39,"Add'l Guest (1,500 THB each)",No additional guests,,1,Add Birthday Package?,"With Birthday Package (3\,000 THB)",,1,Add I-Love-You Package?,Without I-Love-You Package (0 THB),,1,Add Masseuse?,Without Massuese (0 THB),,1,Add Photographer?,Without Photographer (0 THB),,1,,0,3000,0,0,0,15500
3622,"variation, virtual",,Coastline Cruising (half day),1,0,visible,,,,,taxable,parent,1,,,0,0,,,,,0,,,20500,,,,,,,id:3607,,,,,,40,"Add'l Guest (1,500 THB each)",No additional guests,,1,Add Birthday Package?,"With Birthday Package (3\,000 THB)",,1,Add I-Love-You Package?,Without I-Love-You Package (0 THB),,1,Add Masseuse?,Without Massuese (0 THB),,1,Add Photographer?,"With Photographer (5\,000 THB)",,1,,0,3000,0,0,5000,20500
3623,"variation, virtual",,Coastline Cruising (half day),1,0,visible,,,,,taxable,parent,1,,,0,0,,,,,0,,,20500,,,,,,,id:3607,,,,,,41,"Add'l Guest (1,500 THB each)",No additional guests,,1,Add Birthday Package?,"With Birthday Package (3\,000 THB)",,1,Add I-Love-You Package?,Without I-Love-You Package (0 THB),,1,Add Masseuse?,"With Massuese (2\,500 THB)",,1,Add Photographer?,Without Photographer (0 THB),,1,,0,3000,0,5000,0,20500
3624,"variation, virtual",,Coastline Cruising (half day),1,0,visible,,,,,taxable,parent,1,,,0,0,,,,,0,,,25500,,,,,,,id:3607,,,,,,42,"Add'l Guest (1,500 THB each)",No additional guests,,1,Add Birthday Package?,"With Birthday Package (3\,000 THB)",,1,Add I-Love-You Package?,Without I-Love-You Package (0 THB),,1,Add Masseuse?,"With Massuese (2\,500 THB)",,1,Add Photographer?,"With Photographer (5\,000 THB)",,1,,0,3000,0,5000,5000,25500
3625,"variation, virtual",,Coastline Cruising (half day),1,0,visible,,,,,taxable,parent,1,,,0,0,,,,,0,,,18500,,,,,,,id:3607,,,,,,43,"Add'l Guest (1,500 THB each)",No additional guests,,1,Add Birthday Package?,"With Birthday Package (3\,000 THB)",,1,Add I-Love-You Package?,"With I-Love-You Package (3\,000 THB)",,1,Add Masseuse?,Without Massuese (0 THB),,1,Add Photographer?,Without Photographer (0 THB),,1,,0,3000,3000,0,0,18500
3626,"variation, virtual",,Coastline Cruising (half day),1,0,visible,,,,,taxable,parent,1,,,0,0,,,,,0,,,23500,,,,,,,id:3607,,,,,,44,"Add'l Guest (1,500 THB each)",No additional guests,,1,Add Birthday Package?,"With Birthday Package (3\,000 THB)",,1,Add I-Love-You Package?,"With I-Love-You Package (3\,000 THB)",,1,Add Masseuse?,Without Massuese (0 THB),,1,Add Photographer?,"With Photographer (5\,000 THB)",,1,,0,3000,3000,0,5000,23500
3627,"variation, virtual",,Coastline Cruising (half day),1,0,visible,,,,,taxable,parent,1,,,0,0,,,,,0,,,23500,,,,,,,id:3607,,,,,,45,"Add'l Guest (1,500 THB each)",No additional guests,,1,Add Birthday Package?,"With Birthday Package (3\,000 THB)",,1,Add I-Love-You Package?,"With I-Love-You Package (3\,000 THB)",,1,Add Masseuse?,"With Massuese (2\,500 THB)",,1,Add Photographer?,Without Photographer (0 THB),,1,,0,3000,3000,5000,0,23500
3628,"variation, virtual",,Coastline Cruising (half day),1,0,visible,,,,,taxable,parent,1,,,0,0,,,,,0,,,28500,,,,,,,id:3607,,,,,,46,"Add'l Guest (1,500 THB each)",No additional guests,,1,Add Birthday Package?,"With Birthday Package (3\,000 THB)",,1,Add I-Love-You Package?,"With I-Love-You Package (3\,000 THB)",,1,Add Masseuse?,"With Massuese (2\,500 THB)",,1,Add Photographer?,"With Photographer (5\,000 THB)",,1,,0,3000,3000,5000,5000,28500
3629,"variation, virtual",,Coastline Cruising (half day),1,0,visible,,,,,taxable,parent,1,,,0,0,,,,,0,,,14000,,,,,,,id:3607,,,,,,47,"Add'l Guest (1,500 THB each)",1 additional guest,,1,Add Birthday Package?,Without Birthday Package (0 THB),,1,Add I-Love-You Package?,Without I-Love-You Package (0 THB),,1,Add Masseuse?,Without Massuese (0 THB),,1,Add Photographer?,Without Photographer (0 THB),,1,,1500,0,0,0,0,14000
3630,"variation, virtual",,Coastline Cruising (half day),1,0,visible,,,,,taxable,parent,1,,,0,0,,,,,0,,,19000,,,,,,,id:3607,,,,,,48,"Add'l Guest (1,500 THB each)",1 additional guest,,1,Add Birthday Package?,Without Birthday Package (0 THB),,1,Add I-Love-You Package?,Without I-Love-You Package (0 THB),,1,Add Masseuse?,Without Massuese (0 THB),,1,Add Photographer?,"With Photographer (5\,000 THB)",,1,,1500,0,0,0,5000,19000
3631,"variation, virtual",,Coastline Cruising (half day),1,0,visible,,,,,taxable,parent,1,,,0,0,,,,,0,,,19000,,,,,,,id:3607,,,,,,49,"Add'l Guest (1,500 THB each)",1 additional guest,,1,Add Birthday Package?,Without Birthday Package (0 THB),,1,Add I-Love-You Package?,Without I-Love-You Package (0 THB),,1,Add Masseuse?,"With Massuese (2\,500 THB)",,1,Add Photographer?,Without Photographer (0 THB),,1,,1500,0,0,5000,0,19000
3632,"variation, virtual",,Coastline Cruising (half day),1,0,visible,,,,,taxable,parent,1,,,0,0,,,,,0,,,24000,,,,,,,id:3607,,,,,,50,"Add'l Guest (1,500 THB each)",1 additional guest,,1,Add Birthday Package?,Without Birthday Package (0 THB),,1,Add I-Love-You Package?,Without I-Love-You Package (0 THB),,1,Add Masseuse?,"With Massuese (2\,500 THB)",,1,Add Photographer?,"With Photographer (5\,000 THB)",,1,,1500,0,0,5000,5000,24000
3633,"variation, virtual",,Coastline Cruising (half day),1,0,visible,,,,,taxable,parent,1,,,0,0,,,,,0,,,17000,,,,,,,id:3607,,,,,,51,"Add'l Guest (1,500 THB each)",1 additional guest,,1,Add Birthday Package?,Without Birthday Package (0 THB),,1,Add I-Love-You Package?,"With I-Love-You Package (3\,000 THB)",,1,Add Masseuse?,Without Massuese (0 THB),,1,Add Photographer?,Without Photographer (0 THB),,1,,1500,0,3000,0,0,17000
3634,"variation, virtual",,Coastline Cruising (half day),1,0,visible,,,,,taxable,parent,1,,,0,0,,,,,0,,,22000,,,,,,,id:3607,,,,,,52,"Add'l Guest (1,500 THB each)",1 additional guest,,1,Add Birthday Package?,Without Birthday Package (0 THB),,1,Add I-Love-You Package?,"With I-Love-You Package (3\,000 THB)",,1,Add Masseuse?,Without Massuese (0 THB),,1,Add Photographer?,"With Photographer (5\,000 THB)",,1,,1500,0,3000,0,5000,22000
3635,"variation, virtual",,Coastline Cruising (half day),1,0,visible,,,,,taxable,parent,1,,,0,0,,,,,0,,,22000,,,,,,,id:3607,,,,,,53,"Add'l Guest (1,500 THB each)",1 additional guest,,1,Add Birthday Package?,Without Birthday Package (0 THB),,1,Add I-Love-You Package?,"With I-Love-You Package (3\,000 THB)",,1,Add Masseuse?,"With Massuese (2\,500 THB)",,1,Add Photographer?,Without Photographer (0 THB),,1,,1500,0,3000,5000,0,22000
3636,"variation, virtual",,Coastline Cruising (half day),1,0,visible,,,,,taxable,parent,1,,,0,0,,,,,0,,,27000,,,,,,,id:3607,,,,,,54,"Add'l Guest (1,500 THB each)",1 additional guest,,1,Add Birthday Package?,Without Birthday Package (0 THB),,1,Add I-Love-You Package?,"With I-Love-You Package (3\,000 THB)",,1,Add Masseuse?,"With Massuese (2\,500 THB)",,1,Add Photographer?,"With Photographer (5\,000 THB)",,1,,1500,0,3000,5000,5000,27000
3637,"variation, virtual",,Coastline Cruising (half day),1,0,visible,,,,,taxable,parent,1,,,0,0,,,,,0,,,17000,,,,,,,id:3607,,,,,,55,"Add'l Guest (1,500 THB each)",1 additional guest,,1,Add Birthday Package?,"With Birthday Package (3\,000 THB)",,1,Add I-Love-You Package?,Without I-Love-You Package (0 THB),,1,Add Masseuse?,Without Massuese (0 THB),,1,Add Photographer?,Without Photographer (0 THB),,1,,1500,3000,0,0,0,17000
3638,"variation, virtual",,Coastline Cruising (half day),1,0,visible,,,,,taxable,parent,1,,,0,0,,,,,0,,,22000,,,,,,,id:3607,,,,,,56,"Add'l Guest (1,500 THB each)",1 additional guest,,1,Add Birthday Package?,"With Birthday Package (3\,000 THB)",,1,Add I-Love-You Package?,Without I-Love-You Package (0 THB),,1,Add Masseuse?,Without Massuese (0 THB),,1,Add Photographer?,"With Photographer (5\,000 THB)",,1,,1500,3000,0,0,5000,22000
3639,"variation, virtual",,Coastline Cruising (half day),1,0,visible,,,,,taxable,parent,1,,,0,0,,,,,0,,,22000,,,,,,,id:3607,,,,,,57,"Add'l Guest (1,500 THB each)",1 additional guest,,1,Add Birthday Package?,"With Birthday Package (3\,000 THB)",,1,Add I-Love-You Package?,Without I-Love-You Package (0 THB),,1,Add Masseuse?,"With Massuese (2\,500 THB)",,1,Add Photographer?,Without Photographer (0 THB),,1,,1500,3000,0,5000,0,22000
3640,"variation, virtual",,Coastline Cruising (half day),1,0,visible,,,,,taxable,parent,1,,,0,0,,,,,0,,,27000,,,,,,,id:3607,,,,,,58,"Add'l Guest (1,500 THB each)",1 additional guest,,1,Add Birthday Package?,"With Birthday Package (3\,000 THB)",,1,Add I-Love-You Package?,Without I-Love-You Package (0 THB),,1,Add Masseuse?,"With Massuese (2\,500 THB)",,1,Add Photographer?,"With Photographer (5\,000 THB)",,1,,1500,3000,0,5000,5000,27000
3641,"variation, virtual",,Coastline Cruising (half day),1,0,visible,,,,,taxable,parent,1,,,0,0,,,,,0,,,20000,,,,,,,id:3607,,,,,,59,"Add'l Guest (1,500 THB each)",1 additional guest,,1,Add Birthday Package?,"With Birthday Package (3\,000 THB)",,1,Add I-Love-You Package?,"With I-Love-You Package (3\,000 THB)",,1,Add Masseuse?,Without Massuese (0 THB),,1,Add Photographer?,Without Photographer (0 THB),,1,,1500,3000,3000,0,0,20000
3642,"variation, virtual",,Coastline Cruising (half day),1,0,visible,,,,,taxable,parent,1,,,0,0,,,,,0,,,25000,,,,,,,id:3607,,,,,,60,"Add'l Guest (1,500 THB each)",1 additional guest,,1,Add Birthday Package?,"With Birthday Package (3\,000 THB)",,1,Add I-Love-You Package?,"With I-Love-You Package (3\,000 THB)",,1,Add Masseuse?,Without Massuese (0 THB),,1,Add Photographer?,"With Photographer (5\,000 THB)",,1,,1500,3000,3000,0,5000,25000
3643,"variation, virtual",,Coastline Cruising (half day),1,0,visible,,,,,taxable,parent,1,,,0,0,,,,,0,,,25000,,,,,,,id:3607,,,,,,61,"Add'l Guest (1,500 THB each)",1 additional guest,,1,Add Birthday Package?,"With Birthday Package (3\,000 THB)",,1,Add I-Love-You Package?,"With I-Love-You Package (3\,000 THB)",,1,Add Masseuse?,"With Massuese (2\,500 THB)",,1,Add Photographer?,Without Photographer (0 THB),,1,,1500,3000,3000,5000,0,25000
3644,"variation, virtual",,Coastline Cruising (half day),1,0,visible,,,,,taxable,parent,1,,,0,0,,,,,0,,,30000,,,,,,,id:3607,,,,,,62,"Add'l Guest (1,500 THB each)",1 additional guest,,1,Add Birthday Package?,"With Birthday Package (3\,000 THB)",,1,Add I-Love-You Package?,"With I-Love-You Package (3\,000 THB)",,1,Add Masseuse?,"With Massuese (2\,500 THB)",,1,Add Photographer?,"With Photographer (5\,000 THB)",,1,,1500,3000,3000,5000,5000,30000
3645,"variation, virtual",,Coastline Cruising (half day),1,0,visible,,,,,taxable,parent,1,,,0,0,,,,,0,,,15500,,,,,,,id:3607,,,,,,63,"Add'l Guest (1,500 THB each)",2 additional guests,,1,Add Birthday Package?,Without Birthday Package (0 THB),,1,Add I-Love-You Package?,Without I-Love-You Package (0 THB),,1,Add Masseuse?,Without Massuese (0 THB),,1,Add Photographer?,Without Photographer (0 THB),,1,,3000,0,0,0,0,15500
3646,"variation, virtual",,Coastline Cruising (half day),1,0,visible,,,,,taxable,parent,1,,,0,0,,,,,0,,,20500,,,,,,,id:3607,,,,,,64,"Add'l Guest (1,500 THB each)",2 additional guests,,1,Add Birthday Package?,Without Birthday Package (0 THB),,1,Add I-Love-You Package?,Without I-Love-You Package (0 THB),,1,Add Masseuse?,Without Massuese (0 THB),,1,Add Photographer?,"With Photographer (5\,000 THB)",,1,,3000,0,0,0,5000,20500
3647,"variation, virtual",,Coastline Cruising (half day),1,0,visible,,,,,taxable,parent,1,,,0,0,,,,,0,,,20500,,,,,,,id:3607,,,,,,65,"Add'l Guest (1,500 THB each)",2 additional guests,,1,Add Birthday Package?,Without Birthday Package (0 THB),,1,Add I-Love-You Package?,Without I-Love-You Package (0 THB),,1,Add Masseuse?,"With Massuese (2\,500 THB)",,1,Add Photographer?,Without Photographer (0 THB),,1,,3000,0,0,5000,0,20500
3648,"variation, virtual",,Coastline Cruising (half day),1,0,visible,,,,,taxable,parent,1,,,0,0,,,,,0,,,25500,,,,,,,id:3607,,,,,,66,"Add'l Guest (1,500 THB each)",2 additional guests,,1,Add Birthday Package?,Without Birthday Package (0 THB),,1,Add I-Love-You Package?,Without I-Love-You Package (0 THB),,1,Add Masseuse?,"With Massuese (2\,500 THB)",,1,Add Photographer?,"With Photographer (5\,000 THB)",,1,,3000,0,0,5000,5000,25500
3649,"variation, virtual",,Coastline Cruising (half day),1,0,visible,,,,,taxable,parent,1,,,0,0,,,,,0,,,18500,,,,,,,id:3607,,,,,,67,"Add'l Guest (1,500 THB each)",2 additional guests,,1,Add Birthday Package?,Without Birthday Package (0 THB),,1,Add I-Love-You Package?,"With I-Love-You Package (3\,000 THB)",,1,Add Masseuse?,Without Massuese (0 THB),,1,Add Photographer?,Without Photographer (0 THB),,1,,3000,0,3000,0,0,18500
3650,"variation, virtual",,Coastline Cruising (half day),1,0,visible,,,,,taxable,parent,1,,,0,0,,,,,0,,,23500,,,,,,,id:3607,,,,,,68,"Add'l Guest (1,500 THB each)",2 additional guests,,1,Add Birthday Package?,Without Birthday Package (0 THB),,1,Add I-Love-You Package?,"With I-Love-You Package (3\,000 THB)",,1,Add Masseuse?,Without Massuese (0 THB),,1,Add Photographer?,"With Photographer (5\,000 THB)",,1,,3000,0,3000,0,5000,23500
3651,"variation, virtual",,Coastline Cruising (half day),1,0,visible,,,,,taxable,parent,1,,,0,0,,,,,0,,,23500,,,,,,,id:3607,,,,,,69,"Add'l Guest (1,500 THB each)",2 additional guests,,1,Add Birthday Package?,Without Birthday Package (0 THB),,1,Add I-Love-You Package?,"With I-Love-You Package (3\,000 THB)",,1,Add Masseuse?,"With Massuese (2\,500 THB)",,1,Add Photographer?,Without Photographer (0 THB),,1,,3000,0,3000,5000,0,23500
3652,"variation, virtual",,Coastline Cruising (half day),1,0,visible,,,,,taxable,parent,1,,,0,0,,,,,0,,,28500,,,,,,,id:3607,,,,,,70,"Add'l Guest (1,500 THB each)",2 additional guests,,1,Add Birthday Package?,Without Birthday Package (0 THB),,1,Add I-Love-You Package?,"With I-Love-You Package (3\,000 THB)",,1,Add Masseuse?,"With Massuese (2\,500 THB)",,1,Add Photographer?,"With Photographer (5\,000 THB)",,1,,3000,0,3000,5000,5000,28500
3653,"variation, virtual",,Coastline Cruising (half day),1,0,visible,,,,,taxable,parent,1,,,0,0,,,,,0,,,18500,,,,,,,id:3607,,,,,,71,"Add'l Guest (1,500 THB each)",2 additional guests,,1,Add Birthday Package?,"With Birthday Package (3\,000 THB)",,1,Add I-Love-You Package?,Without I-Love-You Package (0 THB),,1,Add Masseuse?,Without Massuese (0 THB),,1,Add Photographer?,Without Photographer (0 THB),,1,,3000,3000,0,0,0,18500
3654,"variation, virtual",,Coastline Cruising (half day),1,0,visible,,,,,taxable,parent,1,,,0,0,,,,,0,,,23500,,,,,,,id:3607,,,,,,72,"Add'l Guest (1,500 THB each)",2 additional guests,,1,Add Birthday Package?,"With Birthday Package (3\,000 THB)",,1,Add I-Love-You Package?,Without I-Love-You Package (0 THB),,1,Add Masseuse?,Without Massuese (0 THB),,1,Add Photographer?,"With Photographer (5\,000 THB)",,1,,3000,3000,0,0,5000,23500
3655,"variation, virtual",,Coastline Cruising (half day),1,0,visible,,,,,taxable,parent,1,,,0,0,,,,,0,,,23500,,,,,,,id:3607,,,,,,73,"Add'l Guest (1,500 THB each)",2 additional guests,,1,Add Birthday Package?,"With Birthday Package (3\,000 THB)",,1,Add I-Love-You Package?,Without I-Love-You Package (0 THB),,1,Add Masseuse?,"With Massuese (2\,500 THB)",,1,Add Photographer?,Without Photographer (0 THB),,1,,3000,3000,0,5000,0,23500
3656,"variation, virtual",,Coastline Cruising (half day),1,0,visible,,,,,taxable,parent,1,,,0,0,,,,,0,,,28500,,,,,,,id:3607,,,,,,74,"Add'l Guest (1,500 THB each)",2 additional guests,,1,Add Birthday Package?,"With Birthday Package (3\,000 THB)",,1,Add I-Love-You Package?,Without I-Love-You Package (0 THB),,1,Add Masseuse?,"With Massuese (2\,500 THB)",,1,Add Photographer?,"With Photographer (5\,000 THB)",,1,,3000,3000,0,5000,5000,28500
3657,"variation, virtual",,Coastline Cruising (half day),1,0,visible,,,,,taxable,parent,1,,,0,0,,,,,0,,,21500,,,,,,,id:3607,,,,,,75,"Add'l Guest (1,500 THB each)",2 additional guests,,1,Add Birthday Package?,"With Birthday Package (3\,000 THB)",,1,Add I-Love-You Package?,"With I-Love-You Package (3\,000 THB)",,1,Add Masseuse?,Without Massuese (0 THB),,1,Add Photographer?,Without Photographer (0 THB),,1,,3000,3000,3000,0,0,21500
3658,"variation, virtual",,Coastline Cruising (half day),1,0,visible,,,,,taxable,parent,1,,,0,0,,,,,0,,,26500,,,,,,,id:3607,,,,,,76,"Add'l Guest (1,500 THB each)",2 additional guests,,1,Add Birthday Package?,"With Birthday Package (3\,000 THB)",,1,Add I-Love-You Package?,"With I-Love-You Package (3\,000 THB)",,1,Add Masseuse?,Without Massuese (0 THB),,1,Add Photographer?,"With Photographer (5\,000 THB)",,1,,3000,3000,3000,0,5000,26500
3659,"variation, virtual",,Coastline Cruising (half day),1,0,visible,,,,,taxable,parent,1,,,0,0,,,,,0,,,26500,,,,,,,id:3607,,,,,,77,"Add'l Guest (1,500 THB each)",2 additional guests,,1,Add Birthday Package?,"With Birthday Package (3\,000 THB)",,1,Add I-Love-You Package?,"With I-Love-You Package (3\,000 THB)",,1,Add Masseuse?,"With Massuese (2\,500 THB)",,1,Add Photographer?,Without Photographer (0 THB),,1,,3000,3000,3000,5000,0,26500
3660,"variation, virtual",,Coastline Cruising (half day),1,0,visible,,,,,taxable,parent,1,,,0,0,,,,,0,,,31500,,,,,,,id:3607,,,,,,78,"Add'l Guest (1,500 THB each)",2 additional guests,,1,Add Birthday Package?,"With Birthday Package (3\,000 THB)",,1,Add I-Love-You Package?,"With I-Love-You Package (3\,000 THB)",,1,Add Masseuse?,"With Massuese (2\,500 THB)",,1,Add Photographer?,"With Photographer (5\,000 THB)",,1,,3000,3000,3000,5000,5000,31500
3661,"variation, virtual",,Coastline Cruising (half day),1,0,visible,,,,,taxable,parent,1,,,0,0,,,,,0,,,17000,,,,,,,id:3607,,,,,,79,"Add'l Guest (1,500 THB each)",3 additional guests,,1,Add Birthday Package?,Without Birthday Package (0 THB),,1,Add I-Love-You Package?,Without I-Love-You Package (0 THB),,1,Add Masseuse?,Without Massuese (0 THB),,1,Add Photographer?,Without Photographer (0 THB),,1,,4500,0,0,0,0,17000
3662,"variation, virtual",,Coastline Cruising (half day),1,0,visible,,,,,taxable,parent,1,,,0,0,,,,,0,,,22000,,,,,,,id:3607,,,,,,80,"Add'l Guest (1,500 THB each)",3 additional guests,,1,Add Birthday Package?,Without Birthday Package (0 THB),,1,Add I-Love-You Package?,Without I-Love-You Package (0 THB),,1,Add Masseuse?,Without Massuese (0 THB),,1,Add Photographer?,"With Photographer (5\,000 THB)",,1,,4500,0,0,0,5000,22000
3663,"variation, virtual",,Coastline Cruising (half day),1,0,visible,,,,,taxable,parent,1,,,0,0,,,,,0,,,22000,,,,,,,id:3607,,,,,,1,"Add'l Guest (1,500 THB each)",3 additional guests,,1,Add Birthday Package?,Without Birthday Package (0 THB),,1,Add I-Love-You Package?,Without I-Love-You Package (0 THB),,1,Add Masseuse?,"With Massuese (2\,500 THB)",,1,Add Photographer?,Without Photographer (0 THB),,1,,4500,0,0,5000,0,22000
3664,"variation, virtual",,Coastline Cruising (half day),1,0,visible,,,,,taxable,parent,1,,,0,0,,,,,0,,,27000,,,,,,,id:3607,,,,,,2,"Add'l Guest (1,500 THB each)",3 additional guests,,1,Add Birthday Package?,Without Birthday Package (0 THB),,1,Add I-Love-You Package?,Without I-Love-You Package (0 THB),,1,Add Masseuse?,"With Massuese (2\,500 THB)",,1,Add Photographer?,"With Photographer (5\,000 THB)",,1,,4500,0,0,5000,5000,27000
3665,"variation, virtual",,Coastline Cruising (half day),1,0,visible,,,,,taxable,parent,1,,,0,0,,,,,0,,,20000,,,,,,,id:3607,,,,,,3,"Add'l Guest (1,500 THB each)",3 additional guests,,1,Add Birthday Package?,Without Birthday Package (0 THB),,1,Add I-Love-You Package?,"With I-Love-You Package (3\,000 THB)",,1,Add Masseuse?,Without Massuese (0 THB),,1,Add Photographer?,Without Photographer (0 THB),,1,,4500,0,3000,0,0,20000
3666,"variation, virtual",,Coastline Cruising (half day),1,0,visible,,,,,taxable,parent,1,,,0,0,,,,,0,,,25000,,,,,,,id:3607,,,,,,4,"Add'l Guest (1,500 THB each)",3 additional guests,,1,Add Birthday Package?,Without Birthday Package (0 THB),,1,Add I-Love-You Package?,"With I-Love-You Package (3\,000 THB)",,1,Add Masseuse?,Without Massuese (0 THB),,1,Add Photographer?,"With Photographer (5\,000 THB)",,1,,4500,0,3000,0,5000,25000
3667,"variation, virtual",,Coastline Cruising (half day),1,0,visible,,,,,taxable,parent,1,,,0,0,,,,,0,,,25000,,,,,,,id:3607,,,,,,5,"Add'l Guest (1,500 THB each)",3 additional guests,,1,Add Birthday Package?,Without Birthday Package (0 THB),,1,Add I-Love-You Package?,"With I-Love-You Package (3\,000 THB)",,1,Add Masseuse?,"With Massuese (2\,500 THB)",,1,Add Photographer?,Without Photographer (0 THB),,1,,4500,0,3000,5000,0,25000
3668,"variation, virtual",,Coastline Cruising (half day),1,0,visible,,,,,taxable,parent,1,,,0,0,,,,,0,,,30000,,,,,,,id:3607,,,,,,6,"Add'l Guest (1,500 THB each)",3 additional guests,,1,Add Birthday Package?,Without Birthday Package (0 THB),,1,Add I-Love-You Package?,"With I-Love-You Package (3\,000 THB)",,1,Add Masseuse?,"With Massuese (2\,500 THB)",,1,Add Photographer?,"With Photographer (5\,000 THB)",,1,,4500,0,3000,5000,5000,30000
3669,"variation, virtual",,Coastline Cruising (half day),1,0,visible,,,,,taxable,parent,1,,,0,0,,,,,0,,,20000,,,,,,,id:3607,,,,,,7,"Add'l Guest (1,500 THB each)",3 additional guests,,1,Add Birthday Package?,"With Birthday Package (3\,000 THB)",,1,Add I-Love-You Package?,Without I-Love-You Package (0 THB),,1,Add Masseuse?,Without Massuese (0 THB),,1,Add Photographer?,Without Photographer (0 THB),,1,,4500,3000,0,0,0,20000
3670,"variation, virtual",,Coastline Cruising (half day),1,0,visible,,,,,taxable,parent,1,,,0,0,,,,,0,,,25000,,,,,,,id:3607,,,,,,8,"Add'l Guest (1,500 THB each)",3 additional guests,,1,Add Birthday Package?,"With Birthday Package (3\,000 THB)",,1,Add I-Love-You Package?,Without I-Love-You Package (0 THB),,1,Add Masseuse?,Without Massuese (0 THB),,1,Add Photographer?,"With Photographer (5\,000 THB)",,1,,4500,3000,0,0,5000,25000
3671,"variation, virtual",,Coastline Cruising (half day),1,0,visible,,,,,taxable,parent,1,,,0,0,,,,,0,,,25000,,,,,,,id:3607,,,,,,9,"Add'l Guest (1,500 THB each)",3 additional guests,,1,Add Birthday Package?,"With Birthday Package (3\,000 THB)",,1,Add I-Love-You Package?,Without I-Love-You Package (0 THB),,1,Add Masseuse?,"With Massuese (2\,500 THB)",,1,Add Photographer?,Without Photographer (0 THB),,1,,4500,3000,0,5000,0,25000
3672,"variation, virtual",,Coastline Cruising (half day),1,0,visible,,,,,taxable,parent,1,,,0,0,,,,,0,,,30000,,,,,,,id:3607,,,,,,10,"Add'l Guest (1,500 THB each)",3 additional guests,,1,Add Birthday Package?,"With Birthday Package (3\,000 THB)",,1,Add I-Love-You Package?,Without I-Love-You Package (0 THB),,1,Add Masseuse?,"With Massuese (2\,500 THB)",,1,Add Photographer?,"With Photographer (5\,000 THB)",,1,,4500,3000,0,5000,5000,30000
3673,"variation, virtual",,Coastline Cruising (half day),1,0,visible,,,,,taxable,parent,1,,,0,0,,,,,0,,,23000,,,,,,,id:3607,,,,,,11,"Add'l Guest (1,500 THB each)",3 additional guests,,1,Add Birthday Package?,"With Birthday Package (3\,000 THB)",,1,Add I-Love-You Package?,"With I-Love-You Package (3\,000 THB)",,1,Add Masseuse?,Without Massuese (0 THB),,1,Add Photographer?,Without Photographer (0 THB),,1,,4500,3000,3000,0,0,23000
3674,"variation, virtual",,Coastline Cruising (half day),1,0,visible,,,,,taxable,parent,1,,,0,0,,,,,0,,,28000,,,,,,,id:3607,,,,,,12,"Add'l Guest (1,500 THB each)",3 additional guests,,1,Add Birthday Package?,"With Birthday Package (3\,000 THB)",,1,Add I-Love-You Package?,"With I-Love-You Package (3\,000 THB)",,1,Add Masseuse?,Without Massuese (0 THB),,1,Add Photographer?,"With Photographer (5\,000 THB)",,1,,4500,3000,3000,0,5000,28000
3675,"variation, virtual",,Coastline Cruising (half day),1,0,visible,,,,,taxable,parent,1,,,0,0,,,,,0,,,28000,,,,,,,id:3607,,,,,,13,"Add'l Guest (1,500 THB each)",3 additional guests,,1,Add Birthday Package?,"With Birthday Package (3\,000 THB)",,1,Add I-Love-You Package?,"With I-Love-You Package (3\,000 THB)",,1,Add Masseuse?,"With Massuese (2\,500 THB)",,1,Add Photographer?,Without Photographer (0 THB),,1,,4500,3000,3000,5000,0,28000
3676,"variation, virtual",,Coastline Cruising (half day),1,0,visible,,,,,taxable,parent,1,,,0,0,,,,,0,,,33000,,,,,,,id:3607,,,,,,14,"Add'l Guest (1,500 THB each)",3 additional guests,,1,Add Birthday Package?,"With Birthday Package (3\,000 THB)",,1,Add I-Love-You Package?,"With I-Love-You Package (3\,000 THB)",,1,Add Masseuse?,"With Massuese (2\,500 THB)",,1,Add Photographer?,"With Photographer (5\,000 THB)",,1,,4500,3000,3000,5000,5000,33000
3677,"variation, virtual",,Coastline Cruising (half day),1,0,visible,,,,,taxable,parent,1,,,0,0,,,,,0,,,18500,,,,,,,id:3607,,,,,,15,"Add'l Guest (1,500 THB each)",4 additional guests,,1,Add Birthday Package?,Without Birthday Package (0 THB),,1,Add I-Love-You Package?,Without I-Love-You Package (0 THB),,1,Add Masseuse?,Without Massuese (0 THB),,1,Add Photographer?,Without Photographer (0 THB),,1,,6000,0,0,0,0,18500
3678,"variation, virtual",,Coastline Cruising (half day),1,0,visible,,,,,taxable,parent,1,,,0,0,,,,,0,,,23500,,,,,,,id:3607,,,,,,16,"Add'l Guest (1,500 THB each)",4 additional guests,,1,Add Birthday Package?,Without Birthday Package (0 THB),,1,Add I-Love-You Package?,Without I-Love-You Package (0 THB),,1,Add Masseuse?,Without Massuese (0 THB),,1,Add Photographer?,"With Photographer (5\,000 THB)",,1,,6000,0,0,0,5000,23500
3679,"variation, virtual",,Coastline Cruising (half day),1,0,visible,,,,,taxable,parent,1,,,0,0,,,,,0,,,23500,,,,,,,id:3607,,,,,,17,"Add'l Guest (1,500 THB each)",4 additional guests,,1,Add Birthday Package?,Without Birthday Package (0 THB),,1,Add I-Love-You Package?,Without I-Love-You Package (0 THB),,1,Add Masseuse?,"With Massuese (2\,500 THB)",,1,Add Photographer?,Without Photographer (0 THB),,1,,6000,0,0,5000,0,23500
3680,"variation, virtual",,Coastline Cruising (half day),1,0,visible,,,,,taxable,parent,1,,,0,0,,,,,0,,,28500,,,,,,,id:3607,,,,,,18,"Add'l Guest (1,500 THB each)",4 additional guests,,1,Add Birthday Package?,Without Birthday Package (0 THB),,1,Add I-Love-You Package?,Without I-Love-You Package (0 THB),,1,Add Masseuse?,"With Massuese (2\,500 THB)",,1,Add Photographer?,"With Photographer (5\,000 THB)",,1,,6000,0,0,5000,5000,28500
3681,"variation, virtual",,Coastline Cruising (half day),1,0,visible,,,,,taxable,parent,1,,,0,0,,,,,0,,,21500,,,,,,,id:3607,,,,,,19,"Add'l Guest (1,500 THB each)",4 additional guests,,1,Add Birthday Package?,Without Birthday Package (0 THB),,1,Add I-Love-You Package?,"With I-Love-You Package (3\,000 THB)",,1,Add Masseuse?,Without Massuese (0 THB),,1,Add Photographer?,Without Photographer (0 THB),,1,,6000,0,3000,0,0,21500
3682,"variation, virtual",,Coastline Cruising (half day),1,0,visible,,,,,taxable,parent,1,,,0,0,,,,,0,,,26500,,,,,,,id:3607,,,,,,20,"Add'l Guest (1,500 THB each)",4 additional guests,,1,Add Birthday Package?,Without Birthday Package (0 THB),,1,Add I-Love-You Package?,"With I-Love-You Package (3\,000 THB)",,1,Add Masseuse?,Without Massuese (0 THB),,1,Add Photographer?,"With Photographer (5\,000 THB)",,1,,6000,0,3000,0,5000,26500
3683,"variation, virtual",,Coastline Cruising (half day),1,0,visible,,,,,taxable,parent,1,,,0,0,,,,,0,,,26500,,,,,,,id:3607,,,,,,21,"Add'l Guest (1,500 THB each)",4 additional guests,,1,Add Birthday Package?,Without Birthday Package (0 THB),,1,Add I-Love-You Package?,"With I-Love-You Package (3\,000 THB)",,1,Add Masseuse?,"With Massuese (2\,500 THB)",,1,Add Photographer?,Without Photographer (0 THB),,1,,6000,0,3000,5000,0,26500
3684,"variation, virtual",,Coastline Cruising (half day),1,0,visible,,,,,taxable,parent,1,,,0,0,,,,,0,,,31500,,,,,,,id:3607,,,,,,22,"Add'l Guest (1,500 THB each)",4 additional guests,,1,Add Birthday Package?,Without Birthday Package (0 THB),,1,Add I-Love-You Package?,"With I-Love-You Package (3\,000 THB)",,1,Add Masseuse?,"With Massuese (2\,500 THB)",,1,Add Photographer?,"With Photographer (5\,000 THB)",,1,,6000,0,3000,5000,5000,31500
3685,"variation, virtual",,Coastline Cruising (half day),1,0,visible,,,,,taxable,parent,1,,,0,0,,,,,0,,,21500,,,,,,,id:3607,,,,,,23,"Add'l Guest (1,500 THB each)",4 additional guests,,1,Add Birthday Package?,"With Birthday Package (3\,000 THB)",,1,Add I-Love-You Package?,Without I-Love-You Package (0 THB),,1,Add Masseuse?,Without Massuese (0 THB),,1,Add Photographer?,Without Photographer (0 THB),,1,,6000,3000,0,0,0,21500
3686,"variation, virtual",,Coastline Cruising (half day),1,0,visible,,,,,taxable,parent,1,,,0,0,,,,,0,,,26500,,,,,,,id:3607,,,,,,24,"Add'l Guest (1,500 THB each)",4 additional guests,,1,Add Birthday Package?,"With Birthday Package (3\,000 THB)",,1,Add I-Love-You Package?,Without I-Love-You Package (0 THB),,1,Add Masseuse?,Without Massuese (0 THB),,1,Add Photographer?,"With Photographer (5\,000 THB)",,1,,6000,3000,0,0,5000,26500
3687,"variation, virtual",,Coastline Cruising (half day),1,0,visible,,,,,taxable,parent,1,,,0,0,,,,,0,,,26500,,,,,,,id:3607,,,,,,25,"Add'l Guest (1,500 THB each)",4 additional guests,,1,Add Birthday Package?,"With Birthday Package (3\,000 THB)",,1,Add I-Love-You Package?,Without I-Love-You Package (0 THB),,1,Add Masseuse?,"With Massuese (2\,500 THB)",,1,Add Photographer?,Without Photographer (0 THB),,1,,6000,3000,0,5000,0,26500
3688,"variation, virtual",,Coastline Cruising (half day),1,0,visible,,,,,taxable,parent,1,,,0,0,,,,,0,,,31500,,,,,,,id:3607,,,,,,26,"Add'l Guest (1,500 THB each)",4 additional guests,,1,Add Birthday Package?,"With Birthday Package (3\,000 THB)",,1,Add I-Love-You Package?,Without I-Love-You Package (0 THB),,1,Add Masseuse?,"With Massuese (2\,500 THB)",,1,Add Photographer?,"With Photographer (5\,000 THB)",,1,,6000,3000,0,5000,5000,31500
3689,"variation, virtual",,Coastline Cruising (half day),1,0,visible,,,,,taxable,parent,1,,,0,0,,,,,0,,,24500,,,,,,,id:3607,,,,,,27,"Add'l Guest (1,500 THB each)",4 additional guests,,1,Add Birthday Package?,"With Birthday Package (3\,000 THB)",,1,Add I-Love-You Package?,"With I-Love-You Package (3\,000 THB)",,1,Add Masseuse?,Without Massuese (0 THB),,1,Add Photographer?,Without Photographer (0 THB),,1,,6000,3000,3000,0,0,24500
3690,"variation, virtual",,Coastline Cruising (half day),1,0,visible,,,,,taxable,parent,1,,,0,0,,,,,0,,,29500,,,,,,,id:3607,,,,,,28,"Add'l Guest (1,500 THB each)",4 additional guests,,1,Add Birthday Package?,"With Birthday Package (3\,000 THB)",,1,Add I-Love-You Package?,"With I-Love-You Package (3\,000 THB)",,1,Add Masseuse?,Without Massuese (0 THB),,1,Add Photographer?,"With Photographer (5\,000 THB)",,1,,6000,3000,3000,0,5000,29500
3691,"variation, virtual",,Coastline Cruising (half day),1,0,visible,,,,,taxable,parent,1,,,0,0,,,,,0,,,29500,,,,,,,id:3607,,,,,,29,"Add'l Guest (1,500 THB each)",4 additional guests,,1,Add Birthday Package?,"With Birthday Package (3\,000 THB)",,1,Add I-Love-You Package?,"With I-Love-You Package (3\,000 THB)",,1,Add Masseuse?,"With Massuese (2\,500 THB)",,1,Add Photographer?,Without Photographer (0 THB),,1,,6000,3000,3000,5000,0,29500
3692,"variation, virtual",,Coastline Cruising (half day),1,0,visible,,,,,taxable,parent,1,,,0,0,,,,,0,,,34500,,,,,,,id:3607,,,,,,30,"Add'l Guest (1,500 THB each)",4 additional guests,,1,Add Birthday Package?,"With Birthday Package (3\,000 THB)",,1,Add I-Love-You Package?,"With I-Love-You Package (3\,000 THB)",,1,Add Masseuse?,"With Massuese (2\,500 THB)",,1,Add Photographer?,"With Photographer (5\,000 THB)",,1,,6000,3000,3000,5000,5000,34500
3882,"variation, virtual",,Explore Southern Islands (half day),1,0,visible,,,,,taxable,parent,1,,,0,0,,,,,0,,,12500,,,,,,,id:3694,,,,,,31,"Add'l Guest (1,500 THB each)",No additional guests,,1,Add Birthday Package?,Without Birthday Package (0 THB),,1,Add I-Love-You Package?,Without I-Love-You Package (0 THB),,1,Add Masseuse?,Without Massuese (0 THB),,1,Add Photographer?,Without Photographer (0 THB),,1,,0,0,0,0,0,12500
3883,"variation, virtual",,Explore Southern Islands (half day),1,0,visible,,,,,taxable,parent,1,,,0,0,,,,,0,,,17500,,,,,,,id:3694,,,,,,32,"Add'l Guest (1,500 THB each)",No additional guests,,1,Add Birthday Package?,Without Birthday Package (0 THB),,1,Add I-Love-You Package?,Without I-Love-You Package (0 THB),,1,Add Masseuse?,Without Massuese (0 THB),,1,Add Photographer?,"With Photographer (5\,000 THB)",,1,,0,0,0,0,5000,17500
3884,"variation, virtual",,Explore Southern Islands (half day),1,0,visible,,,,,taxable,parent,1,,,0,0,,,,,0,,,17500,,,,,,,id:3694,,,,,,33,"Add'l Guest (1,500 THB each)",No additional guests,,1,Add Birthday Package?,Without Birthday Package (0 THB),,1,Add I-Love-You Package?,Without I-Love-You Package (0 THB),,1,Add Masseuse?,"With Massuese (2\,500 THB)",,1,Add Photographer?,Without Photographer (0 THB),,1,,0,0,0,5000,0,17500
3885,"variation, virtual",,Explore Southern Islands (half day),1,0,visible,,,,,taxable,parent,1,,,0,0,,,,,0,,,22500,,,,,,,id:3694,,,,,,34,"Add'l Guest (1,500 THB each)",No additional guests,,1,Add Birthday Package?,Without Birthday Package (0 THB),,1,Add I-Love-You Package?,Without I-Love-You Package (0 THB),,1,Add Masseuse?,"With Massuese (2\,500 THB)",,1,Add Photographer?,"With Photographer (5\,000 THB)",,1,,0,0,0,5000,5000,22500
3886,"variation, virtual",,Explore Southern Islands (half day),1,0,visible,,,,,taxable,parent,1,,,0,0,,,,,0,,,15500,,,,,,,id:3694,,,,,,35,"Add'l Guest (1,500 THB each)",No additional guests,,1,Add Birthday Package?,Without Birthday Package (0 THB),,1,Add I-Love-You Package?,"With I-Love-You Package (3\,000 THB)",,1,Add Masseuse?,Without Massuese (0 THB),,1,Add Photographer?,Without Photographer (0 THB),,1,,0,0,3000,0,0,15500
3887,"variation, virtual",,Explore Southern Islands (half day),1,0,visible,,,,,taxable,parent,1,,,0,0,,,,,0,,,20500,,,,,,,id:3694,,,,,,36,"Add'l Guest (1,500 THB each)",No additional guests,,1,Add Birthday Package?,Without Birthday Package (0 THB),,1,Add I-Love-You Package?,"With I-Love-You Package (3\,000 THB)",,1,Add Masseuse?,Without Massuese (0 THB),,1,Add Photographer?,"With Photographer (5\,000 THB)",,1,,0,0,3000,0,5000,20500
3888,"variation, virtual",,Explore Southern Islands (half day),1,0,visible,,,,,taxable,parent,1,,,0,0,,,,,0,,,20500,,,,,,,id:3694,,,,,,37,"Add'l Guest (1,500 THB each)",No additional guests,,1,Add Birthday Package?,Without Birthday Package (0 THB),,1,Add I-Love-You Package?,"With I-Love-You Package (3\,000 THB)",,1,Add Masseuse?,"With Massuese (2\,500 THB)",,1,Add Photographer?,Without Photographer (0 THB),,1,,0,0,3000,5000,0,20500
3889,"variation, virtual",,Explore Southern Islands (half day),1,0,visible,,,,,taxable,parent,1,,,0,0,,,,,0,,,25500,,,,,,,id:3694,,,,,,38,"Add'l Guest (1,500 THB each)",No additional guests,,1,Add Birthday Package?,Without Birthday Package (0 THB),,1,Add I-Love-You Package?,"With I-Love-You Package (3\,000 THB)",,1,Add Masseuse?,"With Massuese (2\,500 THB)",,1,Add Photographer?,"With Photographer (5\,000 THB)",,1,,0,0,3000,5000,5000,25500
3890,"variation, virtual",,Explore Southern Islands (half day),1,0,visible,,,,,taxable,parent,1,,,0,0,,,,,0,,,15500,,,,,,,id:3694,,,,,,39,"Add'l Guest (1,500 THB each)",No additional guests,,1,Add Birthday Package?,"With Birthday Package (3\,000 THB)",,1,Add I-Love-You Package?,Without I-Love-You Package (0 THB),,1,Add Masseuse?,Without Massuese (0 THB),,1,Add Photographer?,Without Photographer (0 THB),,1,,0,3000,0,0,0,15500
3891,"variation, virtual",,Explore Southern Islands (half day),1,0,visible,,,,,taxable,parent,1,,,0,0,,,,,0,,,20500,,,,,,,id:3694,,,,,,40,"Add'l Guest (1,500 THB each)",No additional guests,,1,Add Birthday Package?,"With Birthday Package (3\,000 THB)",,1,Add I-Love-You Package?,Without I-Love-You Package (0 THB),,1,Add Masseuse?,Without Massuese (0 THB),,1,Add Photographer?,"With Photographer (5\,000 THB)",,1,,0,3000,0,0,5000,20500
3892,"variation, virtual",,Explore Southern Islands (half day),1,0,visible,,,,,taxable,parent,1,,,0,0,,,,,0,,,20500,,,,,,,id:3694,,,,,,41,"Add'l Guest (1,500 THB each)",No additional guests,,1,Add Birthday Package?,"With Birthday Package (3\,000 THB)",,1,Add I-Love-You Package?,Without I-Love-You Package (0 THB),,1,Add Masseuse?,"With Massuese (2\,500 THB)",,1,Add Photographer?,Without Photographer (0 THB),,1,,0,3000,0,5000,0,20500
3893,"variation, virtual",,Explore Southern Islands (half day),1,0,visible,,,,,taxable,parent,1,,,0,0,,,,,0,,,25500,,,,,,,id:3694,,,,,,42,"Add'l Guest (1,500 THB each)",No additional guests,,1,Add Birthday Package?,"With Birthday Package (3\,000 THB)",,1,Add I-Love-You Package?,Without I-Love-You Package (0 THB),,1,Add Masseuse?,"With Massuese (2\,500 THB)",,1,Add Photographer?,"With Photographer (5\,000 THB)",,1,,0,3000,0,5000,5000,25500
3894,"variation, virtual",,Explore Southern Islands (half day),1,0,visible,,,,,taxable,parent,1,,,0,0,,,,,0,,,18500,,,,,,,id:3694,,,,,,43,"Add'l Guest (1,500 THB each)",No additional guests,,1,Add Birthday Package?,"With Birthday Package (3\,000 THB)",,1,Add I-Love-You Package?,"With I-Love-You Package (3\,000 THB)",,1,Add Masseuse?,Without Massuese (0 THB),,1,Add Photographer?,Without Photographer (0 THB),,1,,0,3000,3000,0,0,18500
3895,"variation, virtual",,Explore Southern Islands (half day),1,0,visible,,,,,taxable,parent,1,,,0,0,,,,,0,,,23500,,,,,,,id:3694,,,,,,44,"Add'l Guest (1,500 THB each)",No additional guests,,1,Add Birthday Package?,"With Birthday Package (3\,000 THB)",,1,Add I-Love-You Package?,"With I-Love-You Package (3\,000 THB)",,1,Add Masseuse?,Without Massuese (0 THB),,1,Add Photographer?,"With Photographer (5\,000 THB)",,1,,0,3000,3000,0,5000,23500
3896,"variation, virtual",,Explore Southern Islands (half day),1,0,visible,,,,,taxable,parent,1,,,0,0,,,,,0,,,23500,,,,,,,id:3694,,,,,,45,"Add'l Guest (1,500 THB each)",No additional guests,,1,Add Birthday Package?,"With Birthday Package (3\,000 THB)",,1,Add I-Love-You Package?,"With I-Love-You Package (3\,000 THB)",,1,Add Masseuse?,"With Massuese (2\,500 THB)",,1,Add Photographer?,Without Photographer (0 THB),,1,,0,3000,3000,5000,0,23500
3897,"variation, virtual",,Explore Southern Islands (half day),1,0,visible,,,,,taxable,parent,1,,,0,0,,,,,0,,,28500,,,,,,,id:3694,,,,,,46,"Add'l Guest (1,500 THB each)",No additional guests,,1,Add Birthday Package?,"With Birthday Package (3\,000 THB)",,1,Add I-Love-You Package?,"With I-Love-You Package (3\,000 THB)",,1,Add Masseuse?,"With Massuese (2\,500 THB)",,1,Add Photographer?,"With Photographer (5\,000 THB)",,1,,0,3000,3000,5000,5000,28500
3898,"variation, virtual",,Explore Southern Islands (half day),1,0,visible,,,,,taxable,parent,1,,,0,0,,,,,0,,,14000,,,,,,,id:3694,,,,,,47,"Add'l Guest (1,500 THB each)",1 additional guest,,1,Add Birthday Package?,Without Birthday Package (0 THB),,1,Add I-Love-You Package?,Without I-Love-You Package (0 THB),,1,Add Masseuse?,Without Massuese (0 THB),,1,Add Photographer?,Without Photographer (0 THB),,1,,1500,0,0,0,0,14000
3899,"variation, virtual",,Explore Southern Islands (half day),1,0,visible,,,,,taxable,parent,1,,,0,0,,,,,0,,,19000,,,,,,,id:3694,,,,,,48,"Add'l Guest (1,500 THB each)",1 additional guest,,1,Add Birthday Package?,Without Birthday Package (0 THB),,1,Add I-Love-You Package?,Without I-Love-You Package (0 THB),,1,Add Masseuse?,Without Massuese (0 THB),,1,Add Photographer?,"With Photographer (5\,000 THB)",,1,,1500,0,0,0,5000,19000
3900,"variation, virtual",,Explore Southern Islands (half day),1,0,visible,,,,,taxable,parent,1,,,0,0,,,,,0,,,19000,,,,,,,id:3694,,,,,,49,"Add'l Guest (1,500 THB each)",1 additional guest,,1,Add Birthday Package?,Without Birthday Package (0 THB),,1,Add I-Love-You Package?,Without I-Love-You Package (0 THB),,1,Add Masseuse?,"With Massuese (2\,500 THB)",,1,Add Photographer?,Without Photographer (0 THB),,1,,1500,0,0,5000,0,19000
3901,"variation, virtual",,Explore Southern Islands (half day),1,0,visible,,,,,taxable,parent,1,,,0,0,,,,,0,,,24000,,,,,,,id:3694,,,,,,50,"Add'l Guest (1,500 THB each)",1 additional guest,,1,Add Birthday Package?,Without Birthday Package (0 THB),,1,Add I-Love-You Package?,Without I-Love-You Package (0 THB),,1,Add Masseuse?,"With Massuese (2\,500 THB)",,1,Add Photographer?,"With Photographer (5\,000 THB)",,1,,1500,0,0,5000,5000,24000
3902,"variation, virtual",,Explore Southern Islands (half day),1,0,visible,,,,,taxable,parent,1,,,0,0,,,,,0,,,17000,,,,,,,id:3694,,,,,,51,"Add'l Guest (1,500 THB each)",1 additional guest,,1,Add Birthday Package?,Without Birthday Package (0 THB),,1,Add I-Love-You Package?,"With I-Love-You Package (3\,000 THB)",,1,Add Masseuse?,Without Massuese (0 THB),,1,Add Photographer?,Without Photographer (0 THB),,1,,1500,0,3000,0,0,17000
3903,"variation, virtual",,Explore Southern Islands (half day),1,0,visible,,,,,taxable,parent,1,,,0,0,,,,,0,,,22000,,,,,,,id:3694,,,,,,52,"Add'l Guest (1,500 THB each)",1 additional guest,,1,Add Birthday Package?,Without Birthday Package (0 THB),,1,Add I-Love-You Package?,"With I-Love-You Package (3\,000 THB)",,1,Add Masseuse?,Without Massuese (0 THB),,1,Add Photographer?,"With Photographer (5\,000 THB)",,1,,1500,0,3000,0,5000,22000
3904,"variation, virtual",,Explore Southern Islands (half day),1,0,visible,,,,,taxable,parent,1,,,0,0,,,,,0,,,22000,,,,,,,id:3694,,,,,,53,"Add'l Guest (1,500 THB each)",1 additional guest,,1,Add Birthday Package?,Without Birthday Package (0 THB),,1,Add I-Love-You Package?,"With I-Love-You Package (3\,000 THB)",,1,Add Masseuse?,"With Massuese (2\,500 THB)",,1,Add Photographer?,Without Photographer (0 THB),,1,,1500,0,3000,5000,0,22000
3905,"variation, virtual",,Explore Southern Islands (half day),1,0,visible,,,,,taxable,parent,1,,,0,0,,,,,0,,,27000,,,,,,,id:3694,,,,,,54,"Add'l Guest (1,500 THB each)",1 additional guest,,1,Add Birthday Package?,Without Birthday Package (0 THB),,1,Add I-Love-You Package?,"With I-Love-You Package (3\,000 THB)",,1,Add Masseuse?,"With Massuese (2\,500 THB)",,1,Add Photographer?,"With Photographer (5\,000 THB)",,1,,1500,0,3000,5000,5000,27000
3906,"variation, virtual",,Explore Southern Islands (half day),1,0,visible,,,,,taxable,parent,1,,,0,0,,,,,0,,,17000,,,,,,,id:3694,,,,,,55,"Add'l Guest (1,500 THB each)",1 additional guest,,1,Add Birthday Package?,"With Birthday Package (3\,000 THB)",,1,Add I-Love-You Package?,Without I-Love-You Package (0 THB),,1,Add Masseuse?,Without Massuese (0 THB),,1,Add Photographer?,Without Photographer (0 THB),,1,,1500,3000,0,0,0,17000
3907,"variation, virtual",,Explore Southern Islands (half day),1,0,visible,,,,,taxable,parent,1,,,0,0,,,,,0,,,22000,,,,,,,id:3694,,,,,,56,"Add'l Guest (1,500 THB each)",1 additional guest,,1,Add Birthday Package?,"With Birthday Package (3\,000 THB)",,1,Add I-Love-You Package?,Without I-Love-You Package (0 THB),,1,Add Masseuse?,Without Massuese (0 THB),,1,Add Photographer?,"With Photographer (5\,000 THB)",,1,,1500,3000,0,0,5000,22000
3908,"variation, virtual",,Explore Southern Islands (half day),1,0,visible,,,,,taxable,parent,1,,,0,0,,,,,0,,,22000,,,,,,,id:3694,,,,,,57,"Add'l Guest (1,500 THB each)",1 additional guest,,1,Add Birthday Package?,"With Birthday Package (3\,000 THB)",,1,Add I-Love-You Package?,Without I-Love-You Package (0 THB),,1,Add Masseuse?,"With Massuese (2\,500 THB)",,1,Add Photographer?,Without Photographer (0 THB),,1,,1500,3000,0,5000,0,22000
3909,"variation, virtual",,Explore Southern Islands (half day),1,0,visible,,,,,taxable,parent,1,,,0,0,,,,,0,,,27000,,,,,,,id:3694,,,,,,58,"Add'l Guest (1,500 THB each)",1 additional guest,,1,Add Birthday Package?,"With Birthday Package (3\,000 THB)",,1,Add I-Love-You Package?,Without I-Love-You Package (0 THB),,1,Add Masseuse?,"With Massuese (2\,500 THB)",,1,Add Photographer?,"With Photographer (5\,000 THB)",,1,,1500,3000,0,5000,5000,27000
3910,"variation, virtual",,Explore Southern Islands (half day),1,0,visible,,,,,taxable,parent,1,,,0,0,,,,,0,,,20000,,,,,,,id:3694,,,,,,59,"Add'l Guest (1,500 THB each)",1 additional guest,,1,Add Birthday Package?,"With Birthday Package (3\,000 THB)",,1,Add I-Love-You Package?,"With I-Love-You Package (3\,000 THB)",,1,Add Masseuse?,Without Massuese (0 THB),,1,Add Photographer?,Without Photographer (0 THB),,1,,1500,3000,3000,0,0,20000
3911,"variation, virtual",,Explore Southern Islands (half day),1,0,visible,,,,,taxable,parent,1,,,0,0,,,,,0,,,25000,,,,,,,id:3694,,,,,,60,"Add'l Guest (1,500 THB each)",1 additional guest,,1,Add Birthday Package?,"With Birthday Package (3\,000 THB)",,1,Add I-Love-You Package?,"With I-Love-You Package (3\,000 THB)",,1,Add Masseuse?,Without Massuese (0 THB),,1,Add Photographer?,"With Photographer (5\,000 THB)",,1,,1500,3000,3000,0,5000,25000
3912,"variation, virtual",,Explore Southern Islands (half day),1,0,visible,,,,,taxable,parent,1,,,0,0,,,,,0,,,25000,,,,,,,id:3694,,,,,,61,"Add'l Guest (1,500 THB each)",1 additional guest,,1,Add Birthday Package?,"With Birthday Package (3\,000 THB)",,1,Add I-Love-You Package?,"With I-Love-You Package (3\,000 THB)",,1,Add Masseuse?,"With Massuese (2\,500 THB)",,1,Add Photographer?,Without Photographer (0 THB),,1,,1500,3000,3000,5000,0,25000
3913,"variation, virtual",,Explore Southern Islands (half day),1,0,visible,,,,,taxable,parent,1,,,0,0,,,,,0,,,30000,,,,,,,id:3694,,,,,,62,"Add'l Guest (1,500 THB each)",1 additional guest,,1,Add Birthday Package?,"With Birthday Package (3\,000 THB)",,1,Add I-Love-You Package?,"With I-Love-You Package (3\,000 THB)",,1,Add Masseuse?,"With Massuese (2\,500 THB)",,1,Add Photographer?,"With Photographer (5\,000 THB)",,1,,1500,3000,3000,5000,5000,30000
3914,"variation, virtual",,Explore Southern Islands (half day),1,0,visible,,,,,taxable,parent,1,,,0,0,,,,,0,,,15500,,,,,,,id:3694,,,,,,63,"Add'l Guest (1,500 THB each)",2 additional guests,,1,Add Birthday Package?,Without Birthday Package (0 THB),,1,Add I-Love-You Package?,Without I-Love-You Package (0 THB),,1,Add Masseuse?,Without Massuese (0 THB),,1,Add Photographer?,Without Photographer (0 THB),,1,,3000,0,0,0,0,15500
3915,"variation, virtual",,Explore Southern Islands (half day),1,0,visible,,,,,taxable,parent,1,,,0,0,,,,,0,,,20500,,,,,,,id:3694,,,,,,64,"Add'l Guest (1,500 THB each)",2 additional guests,,1,Add Birthday Package?,Without Birthday Package (0 THB),,1,Add I-Love-You Package?,Without I-Love-You Package (0 THB),,1,Add Masseuse?,Without Massuese (0 THB),,1,Add Photographer?,"With Photographer (5\,000 THB)",,1,,3000,0,0,0,5000,20500
3916,"variation, virtual",,Explore Southern Islands (half day),1,0,visible,,,,,taxable,parent,1,,,0,0,,,,,0,,,20500,,,,,,,id:3694,,,,,,65,"Add'l Guest (1,500 THB each)",2 additional guests,,1,Add Birthday Package?,Without Birthday Package (0 THB),,1,Add I-Love-You Package?,Without I-Love-You Package (0 THB),,1,Add Masseuse?,"With Massuese (2\,500 THB)",,1,Add Photographer?,Without Photographer (0 THB),,1,,3000,0,0,5000,0,20500
3917,"variation, virtual",,Explore Southern Islands (half day),1,0,visible,,,,,taxable,parent,1,,,0,0,,,,,0,,,25500,,,,,,,id:3694,,,,,,66,"Add'l Guest (1,500 THB each)",2 additional guests,,1,Add Birthday Package?,Without Birthday Package (0 THB),,1,Add I-Love-You Package?,Without I-Love-You Package (0 THB),,1,Add Masseuse?,"With Massuese (2\,500 THB)",,1,Add Photographer?,"With Photographer (5\,000 THB)",,1,,3000,0,0,5000,5000,25500
3918,"variation, virtual",,Explore Southern Islands (half day),1,0,visible,,,,,taxable,parent,1,,,0,0,,,,,0,,,18500,,,,,,,id:3694,,,,,,67,"Add'l Guest (1,500 THB each)",2 additional guests,,1,Add Birthday Package?,Without Birthday Package (0 THB),,1,Add I-Love-You Package?,"With I-Love-You Package (3\,000 THB)",,1,Add Masseuse?,Without Massuese (0 THB),,1,Add Photographer?,Without Photographer (0 THB),,1,,3000,0,3000,0,0,18500
3919,"variation, virtual",,Explore Southern Islands (half day),1,0,visible,,,,,taxable,parent,1,,,0,0,,,,,0,,,23500,,,,,,,id:3694,,,,,,68,"Add'l Guest (1,500 THB each)",2 additional guests,,1,Add Birthday Package?,Without Birthday Package (0 THB),,1,Add I-Love-You Package?,"With I-Love-You Package (3\,000 THB)",,1,Add Masseuse?,Without Massuese (0 THB),,1,Add Photographer?,"With Photographer (5\,000 THB)",,1,,3000,0,3000,0,5000,23500
3920,"variation, virtual",,Explore Southern Islands (half day),1,0,visible,,,,,taxable,parent,1,,,0,0,,,,,0,,,23500,,,,,,,id:3694,,,,,,69,"Add'l Guest (1,500 THB each)",2 additional guests,,1,Add Birthday Package?,Without Birthday Package (0 THB),,1,Add I-Love-You Package?,"With I-Love-You Package (3\,000 THB)",,1,Add Masseuse?,"With Massuese (2\,500 THB)",,1,Add Photographer?,Without Photographer (0 THB),,1,,3000,0,3000,5000,0,23500
3921,"variation, virtual",,Explore Southern Islands (half day),1,0,visible,,,,,taxable,parent,1,,,0,0,,,,,0,,,28500,,,,,,,id:3694,,,,,,70,"Add'l Guest (1,500 THB each)",2 additional guests,,1,Add Birthday Package?,Without Birthday Package (0 THB),,1,Add I-Love-You Package?,"With I-Love-You Package (3\,000 THB)",,1,Add Masseuse?,"With Massuese (2\,500 THB)",,1,Add Photographer?,"With Photographer (5\,000 THB)",,1,,3000,0,3000,5000,5000,28500
3922,"variation, virtual",,Explore Southern Islands (half day),1,0,visible,,,,,taxable,parent,1,,,0,0,,,,,0,,,18500,,,,,,,id:3694,,,,,,71,"Add'l Guest (1,500 THB each)",2 additional guests,,1,Add Birthday Package?,"With Birthday Package (3\,000 THB)",,1,Add I-Love-You Package?,Without I-Love-You Package (0 THB),,1,Add Masseuse?,Without Massuese (0 THB),,1,Add Photographer?,Without Photographer (0 THB),,1,,3000,3000,0,0,0,18500
3923,"variation, virtual",,Explore Southern Islands (half day),1,0,visible,,,,,taxable,parent,1,,,0,0,,,,,0,,,23500,,,,,,,id:3694,,,,,,72,"Add'l Guest (1,500 THB each)",2 additional guests,,1,Add Birthday Package?,"With Birthday Package (3\,000 THB)",,1,Add I-Love-You Package?,Without I-Love-You Package (0 THB),,1,Add Masseuse?,Without Massuese (0 THB),,1,Add Photographer?,"With Photographer (5\,000 THB)",,1,,3000,3000,0,0,5000,23500
3924,"variation, virtual",,Explore Southern Islands (half day),1,0,visible,,,,,taxable,parent,1,,,0,0,,,,,0,,,23500,,,,,,,id:3694,,,,,,73,"Add'l Guest (1,500 THB each)",2 additional guests,,1,Add Birthday Package?,"With Birthday Package (3\,000 THB)",,1,Add I-Love-You Package?,Without I-Love-You Package (0 THB),,1,Add Masseuse?,"With Massuese (2\,500 THB)",,1,Add Photographer?,Without Photographer (0 THB),,1,,3000,3000,0,5000,0,23500
3925,"variation, virtual",,Explore Southern Islands (half day),1,0,visible,,,,,taxable,parent,1,,,0,0,,,,,0,,,28500,,,,,,,id:3694,,,,,,74,"Add'l Guest (1,500 THB each)",2 additional guests,,1,Add Birthday Package?,"With Birthday Package (3\,000 THB)",,1,Add I-Love-You Package?,Without I-Love-You Package (0 THB),,1,Add Masseuse?,"With Massuese (2\,500 THB)",,1,Add Photographer?,"With Photographer (5\,000 THB)",,1,,3000,3000,0,5000,5000,28500
3926,"variation, virtual",,Explore Southern Islands (half day),1,0,visible,,,,,taxable,parent,1,,,0,0,,,,,0,,,21500,,,,,,,id:3694,,,,,,75,"Add'l Guest (1,500 THB each)",2 additional guests,,1,Add Birthday Package?,"With Birthday Package (3\,000 THB)",,1,Add I-Love-You Package?,"With I-Love-You Package (3\,000 THB)",,1,Add Masseuse?,Without Massuese (0 THB),,1,Add Photographer?,Without Photographer (0 THB),,1,,3000,3000,3000,0,0,21500
3927,"variation, virtual",,Explore Southern Islands (half day),1,0,visible,,,,,taxable,parent,1,,,0,0,,,,,0,,,26500,,,,,,,id:3694,,,,,,76,"Add'l Guest (1,500 THB each)",2 additional guests,,1,Add Birthday Package?,"With Birthday Package (3\,000 THB)",,1,Add I-Love-You Package?,"With I-Love-You Package (3\,000 THB)",,1,Add Masseuse?,Without Massuese (0 THB),,1,Add Photographer?,"With Photographer (5\,000 THB)",,1,,3000,3000,3000,0,5000,26500
3928,"variation, virtual",,Explore Southern Islands (half day),1,0,visible,,,,,taxable,parent,1,,,0,0,,,,,0,,,26500,,,,,,,id:3694,,,,,,77,"Add'l Guest (1,500 THB each)",2 additional guests,,1,Add Birthday Package?,"With Birthday Package (3\,000 THB)",,1,Add I-Love-You Package?,"With I-Love-You Package (3\,000 THB)",,1,Add Masseuse?,"With Massuese (2\,500 THB)",,1,Add Photographer?,Without Photographer (0 THB),,1,,3000,3000,3000,5000,0,26500
3929,"variation, virtual",,Explore Southern Islands (half day),1,0,visible,,,,,taxable,parent,1,,,0,0,,,,,0,,,31500,,,,,,,id:3694,,,,,,78,"Add'l Guest (1,500 THB each)",2 additional guests,,1,Add Birthday Package?,"With Birthday Package (3\,000 THB)",,1,Add I-Love-You Package?,"With I-Love-You Package (3\,000 THB)",,1,Add Masseuse?,"With Massuese (2\,500 THB)",,1,Add Photographer?,"With Photographer (5\,000 THB)",,1,,3000,3000,3000,5000,5000,31500
3930,"variation, virtual",,Explore Southern Islands (half day),1,0,visible,,,,,taxable,parent,1,,,0,0,,,,,0,,,17000,,,,,,,id:3694,,,,,,79,"Add'l Guest (1,500 THB each)",3 additional guests,,1,Add Birthday Package?,Without Birthday Package (0 THB),,1,Add I-Love-You Package?,Without I-Love-You Package (0 THB),,1,Add Masseuse?,Without Massuese (0 THB),,1,Add Photographer?,Without Photographer (0 THB),,1,,4500,0,0,0,0,17000
3931,"variation, virtual",,Explore Southern Islands (half day),1,0,visible,,,,,taxable,parent,1,,,0,0,,,,,0,,,22000,,,,,,,id:3694,,,,,,80,"Add'l Guest (1,500 THB each)",3 additional guests,,1,Add Birthday Package?,Without Birthday Package (0 THB),,1,Add I-Love-You Package?,Without I-Love-You Package (0 THB),,1,Add Masseuse?,Without Massuese (0 THB),,1,Add Photographer?,"With Photographer (5\,000 THB)",,1,,4500,0,0,0,5000,22000
3932,"variation, virtual",,Explore Southern Islands (half day),1,0,visible,,,,,taxable,parent,1,,,0,0,,,,,0,,,22000,,,,,,,id:3694,,,,,,1,"Add'l Guest (1,500 THB each)",3 additional guests,,1,Add Birthday Package?,Without Birthday Package (0 THB),,1,Add I-Love-You Package?,Without I-Love-You Package (0 THB),,1,Add Masseuse?,"With Massuese (2\,500 THB)",,1,Add Photographer?,Without Photographer (0 THB),,1,,4500,0,0,5000,0,22000
3933,"variation, virtual",,Explore Southern Islands (half day),1,0,visible,,,,,taxable,parent,1,,,0,0,,,,,0,,,27000,,,,,,,id:3694,,,,,,2,"Add'l Guest (1,500 THB each)",3 additional guests,,1,Add Birthday Package?,Without Birthday Package (0 THB),,1,Add I-Love-You Package?,Without I-Love-You Package (0 THB),,1,Add Masseuse?,"With Massuese (2\,500 THB)",,1,Add Photographer?,"With Photographer (5\,000 THB)",,1,,4500,0,0,5000,5000,27000
3934,"variation, virtual",,Explore Southern Islands (half day),1,0,visible,,,,,taxable,parent,1,,,0,0,,,,,0,,,20000,,,,,,,id:3694,,,,,,3,"Add'l Guest (1,500 THB each)",3 additional guests,,1,Add Birthday Package?,Without Birthday Package (0 THB),,1,Add I-Love-You Package?,"With I-Love-You Package (3\,000 THB)",,1,Add Masseuse?,Without Massuese (0 THB),,1,Add Photographer?,Without Photographer (0 THB),,1,,4500,0,3000,0,0,20000
3935,"variation, virtual",,Explore Southern Islands (half day),1,0,visible,,,,,taxable,parent,1,,,0,0,,,,,0,,,25000,,,,,,,id:3694,,,,,,4,"Add'l Guest (1,500 THB each)",3 additional guests,,1,Add Birthday Package?,Without Birthday Package (0 THB),,1,Add I-Love-You Package?,"With I-Love-You Package (3\,000 THB)",,1,Add Masseuse?,Without Massuese (0 THB),,1,Add Photographer?,"With Photographer (5\,000 THB)",,1,,4500,0,3000,0,5000,25000
3936,"variation, virtual",,Explore Southern Islands (half day),1,0,visible,,,,,taxable,parent,1,,,0,0,,,,,0,,,25000,,,,,,,id:3694,,,,,,5,"Add'l Guest (1,500 THB each)",3 additional guests,,1,Add Birthday Package?,Without Birthday Package (0 THB),,1,Add I-Love-You Package?,"With I-Love-You Package (3\,000 THB)",,1,Add Masseuse?,"With Massuese (2\,500 THB)",,1,Add Photographer?,Without Photographer (0 THB),,1,,4500,0,3000,5000,0,25000
3937,"variation, virtual",,Explore Southern Islands (half day),1,0,visible,,,,,taxable,parent,1,,,0,0,,,,,0,,,30000,,,,,,,id:3694,,,,,,6,"Add'l Guest (1,500 THB each)",3 additional guests,,1,Add Birthday Package?,Without Birthday Package (0 THB),,1,Add I-Love-You Package?,"With I-Love-You Package (3\,000 THB)",,1,Add Masseuse?,"With Massuese (2\,500 THB)",,1,Add Photographer?,"With Photographer (5\,000 THB)",,1,,4500,0,3000,5000,5000,30000
3938,"variation, virtual",,Explore Southern Islands (half day),1,0,visible,,,,,taxable,parent,1,,,0,0,,,,,0,,,20000,,,,,,,id:3694,,,,,,7,"Add'l Guest (1,500 THB each)",3 additional guests,,1,Add Birthday Package?,"With Birthday Package (3\,000 THB)",,1,Add I-Love-You Package?,Without I-Love-You Package (0 THB),,1,Add Masseuse?,Without Massuese (0 THB),,1,Add Photographer?,Without Photographer (0 THB),,1,,4500,3000,0,0,0,20000
3939,"variation, virtual",,Explore Southern Islands (half day),1,0,visible,,,,,taxable,parent,1,,,0,0,,,,,0,,,25000,,,,,,,id:3694,,,,,,8,"Add'l Guest (1,500 THB each)",3 additional guests,,1,Add Birthday Package?,"With Birthday Package (3\,000 THB)",,1,Add I-Love-You Package?,Without I-Love-You Package (0 THB),,1,Add Masseuse?,Without Massuese (0 THB),,1,Add Photographer?,"With Photographer (5\,000 THB)",,1,,4500,3000,0,0,5000,25000
3940,"variation, virtual",,Explore Southern Islands (half day),1,0,visible,,,,,taxable,parent,1,,,0,0,,,,,0,,,25000,,,,,,,id:3694,,,,,,9,"Add'l Guest (1,500 THB each)",3 additional guests,,1,Add Birthday Package?,"With Birthday Package (3\,000 THB)",,1,Add I-Love-You Package?,Without I-Love-You Package (0 THB),,1,Add Masseuse?,"With Massuese (2\,500 THB)",,1,Add Photographer?,Without Photographer (0 THB),,1,,4500,3000,0,5000,0,25000
3941,"variation, virtual",,Explore Southern Islands (half day),1,0,visible,,,,,taxable,parent,1,,,0,0,,,,,0,,,30000,,,,,,,id:3694,,,,,,10,"Add'l Guest (1,500 THB each)",3 additional guests,,1,Add Birthday Package?,"With Birthday Package (3\,000 THB)",,1,Add I-Love-You Package?,Without I-Love-You Package (0 THB),,1,Add Masseuse?,"With Massuese (2\,500 THB)",,1,Add Photographer?,"With Photographer (5\,000 THB)",,1,,4500,3000,0,5000,5000,30000
3942,"variation, virtual",,Explore Southern Islands (half day),1,0,visible,,,,,taxable,parent,1,,,0,0,,,,,0,,,23000,,,,,,,id:3694,,,,,,11,"Add'l Guest (1,500 THB each)",3 additional guests,,1,Add Birthday Package?,"With Birthday Package (3\,000 THB)",,1,Add I-Love-You Package?,"With I-Love-You Package (3\,000 THB)",,1,Add Masseuse?,Without Massuese (0 THB),,1,Add Photographer?,Without Photographer (0 THB),,1,,4500,3000,3000,0,0,23000
3943,"variation, virtual",,Explore Southern Islands (half day),1,0,visible,,,,,taxable,parent,1,,,0,0,,,,,0,,,28000,,,,,,,id:3694,,,,,,12,"Add'l Guest (1,500 THB each)",3 additional guests,,1,Add Birthday Package?,"With Birthday Package (3\,000 THB)",,1,Add I-Love-You Package?,"With I-Love-You Package (3\,000 THB)",,1,Add Masseuse?,Without Massuese (0 THB),,1,Add Photographer?,"With Photographer (5\,000 THB)",,1,,4500,3000,3000,0,5000,28000
3944,"variation, virtual",,Explore Southern Islands (half day),1,0,visible,,,,,taxable,parent,1,,,0,0,,,,,0,,,28000,,,,,,,id:3694,,,,,,13,"Add'l Guest (1,500 THB each)",3 additional guests,,1,Add Birthday Package?,"With Birthday Package (3\,000 THB)",,1,Add I-Love-You Package?,"With I-Love-You Package (3\,000 THB)",,1,Add Masseuse?,"With Massuese (2\,500 THB)",,1,Add Photographer?,Without Photographer (0 THB),,1,,4500,3000,3000,5000,0,28000
3945,"variation, virtual",,Explore Southern Islands (half day),1,0,visible,,,,,taxable,parent,1,,,0,0,,,,,0,,,33000,,,,,,,id:3694,,,,,,14,"Add'l Guest (1,500 THB each)",3 additional guests,,1,Add Birthday Package?,"With Birthday Package (3\,000 THB)",,1,Add I-Love-You Package?,"With I-Love-You Package (3\,000 THB)",,1,Add Masseuse?,"With Massuese (2\,500 THB)",,1,Add Photographer?,"With Photographer (5\,000 THB)",,1,,4500,3000,3000,5000,5000,33000
3946,"variation, virtual",,Explore Southern Islands (half day),1,0,visible,,,,,taxable,parent,1,,,0,0,,,,,0,,,18500,,,,,,,id:3694,,,,,,15,"Add'l Guest (1,500 THB each)",4 additional guests,,1,Add Birthday Package?,Without Birthday Package (0 THB),,1,Add I-Love-You Package?,Without I-Love-You Package (0 THB),,1,Add Masseuse?,Without Massuese (0 THB),,1,Add Photographer?,Without Photographer (0 THB),,1,,6000,0,0,0,0,18500
3947,"variation, virtual",,Explore Southern Islands (half day),1,0,visible,,,,,taxable,parent,1,,,0,0,,,,,0,,,23500,,,,,,,id:3694,,,,,,16,"Add'l Guest (1,500 THB each)",4 additional guests,,1,Add Birthday Package?,Without Birthday Package (0 THB),,1,Add I-Love-You Package?,Without I-Love-You Package (0 THB),,1,Add Masseuse?,Without Massuese (0 THB),,1,Add Photographer?,"With Photographer (5\,000 THB)",,1,,6000,0,0,0,5000,23500
3948,"variation, virtual",,Explore Southern Islands (half day),1,0,visible,,,,,taxable,parent,1,,,0,0,,,,,0,,,23500,,,,,,,id:3694,,,,,,17,"Add'l Guest (1,500 THB each)",4 additional guests,,1,Add Birthday Package?,Without Birthday Package (0 THB),,1,Add I-Love-You Package?,Without I-Love-You Package (0 THB),,1,Add Masseuse?,"With Massuese (2\,500 THB)",,1,Add Photographer?,Without Photographer (0 THB),,1,,6000,0,0,5000,0,23500
3949,"variation, virtual",,Explore Southern Islands (half day),1,0,visible,,,,,taxable,parent,1,,,0,0,,,,,0,,,28500,,,,,,,id:3694,,,,,,18,"Add'l Guest (1,500 THB each)",4 additional guests,,1,Add Birthday Package?,Without Birthday Package (0 THB),,1,Add I-Love-You Package?,Without I-Love-You Package (0 THB),,1,Add Masseuse?,"With Massuese (2\,500 THB)",,1,Add Photographer?,"With Photographer (5\,000 THB)",,1,,6000,0,0,5000,5000,28500
3950,"variation, virtual",,Explore Southern Islands (half day),1,0,visible,,,,,taxable,parent,1,,,0,0,,,,,0,,,21500,,,,,,,id:3694,,,,,,19,"Add'l Guest (1,500 THB each)",4 additional guests,,1,Add Birthday Package?,Without Birthday Package (0 THB),,1,Add I-Love-You Package?,"With I-Love-You Package (3\,000 THB)",,1,Add Masseuse?,Without Massuese (0 THB),,1,Add Photographer?,Without Photographer (0 THB),,1,,6000,0,3000,0,0,21500
3951,"variation, virtual",,Explore Southern Islands (half day),1,0,visible,,,,,taxable,parent,1,,,0,0,,,,,0,,,26500,,,,,,,id:3694,,,,,,20,"Add'l Guest (1,500 THB each)",4 additional guests,,1,Add Birthday Package?,Without Birthday Package (0 THB),,1,Add I-Love-You Package?,"With I-Love-You Package (3\,000 THB)",,1,Add Masseuse?,Without Massuese (0 THB),,1,Add Photographer?,"With Photographer (5\,000 THB)",,1,,6000,0,3000,0,5000,26500
3952,"variation, virtual",,Explore Southern Islands (half day),1,0,visible,,,,,taxable,parent,1,,,0,0,,,,,0,,,26500,,,,,,,id:3694,,,,,,21,"Add'l Guest (1,500 THB each)",4 additional guests,,1,Add Birthday Package?,Without Birthday Package (0 THB),,1,Add I-Love-You Package?,"With I-Love-You Package (3\,000 THB)",,1,Add Masseuse?,"With Massuese (2\,500 THB)",,1,Add Photographer?,Without Photographer (0 THB),,1,,6000,0,3000,5000,0,26500
3953,"variation, virtual",,Explore Southern Islands (half day),1,0,visible,,,,,taxable,parent,1,,,0,0,,,,,0,,,31500,,,,,,,id:3694,,,,,,22,"Add'l Guest (1,500 THB each)",4 additional guests,,1,Add Birthday Package?,Without Birthday Package (0 THB),,1,Add I-Love-You Package?,"With I-Love-You Package (3\,000 THB)",,1,Add Masseuse?,"With Massuese (2\,500 THB)",,1,Add Photographer?,"With Photographer (5\,000 THB)",,1,,6000,0,3000,5000,5000,31500
3954,"variation, virtual",,Explore Southern Islands (half day),1,0,visible,,,,,taxable,parent,1,,,0,0,,,,,0,,,21500,,,,,,,id:3694,,,,,,23,"Add'l Guest (1,500 THB each)",4 additional guests,,1,Add Birthday Package?,"With Birthday Package (3\,000 THB)",,1,Add I-Love-You Package?,Without I-Love-You Package (0 THB),,1,Add Masseuse?,Without Massuese (0 THB),,1,Add Photographer?,Without Photographer (0 THB),,1,,6000,3000,0,0,0,21500
3955,"variation, virtual",,Explore Southern Islands (half day),1,0,visible,,,,,taxable,parent,1,,,0,0,,,,,0,,,26500,,,,,,,id:3694,,,,,,24,"Add'l Guest (1,500 THB each)",4 additional guests,,1,Add Birthday Package?,"With Birthday Package (3\,000 THB)",,1,Add I-Love-You Package?,Without I-Love-You Package (0 THB),,1,Add Masseuse?,Without Massuese (0 THB),,1,Add Photographer?,"With Photographer (5\,000 THB)",,1,,6000,3000,0,0,5000,26500
3956,"variation, virtual",,Explore Southern Islands (half day),1,0,visible,,,,,taxable,parent,1,,,0,0,,,,,0,,,26500,,,,,,,id:3694,,,,,,25,"Add'l Guest (1,500 THB each)",4 additional guests,,1,Add Birthday Package?,"With Birthday Package (3\,000 THB)",,1,Add I-Love-You Package?,Without I-Love-You Package (0 THB),,1,Add Masseuse?,"With Massuese (2\,500 THB)",,1,Add Photographer?,Without Photographer (0 THB),,1,,6000,3000,0,5000,0,26500
3957,"variation, virtual",,Explore Southern Islands (half day),1,0,visible,,,,,taxable,parent,1,,,0,0,,,,,0,,,31500,,,,,,,id:3694,,,,,,26,"Add'l Guest (1,500 THB each)",4 additional guests,,1,Add Birthday Package?,"With Birthday Package (3\,000 THB)",,1,Add I-Love-You Package?,Without I-Love-You Package (0 THB),,1,Add Masseuse?,"With Massuese (2\,500 THB)",,1,Add Photographer?,"With Photographer (5\,000 THB)",,1,,6000,3000,0,5000,5000,31500
3958,"variation, virtual",,Explore Southern Islands (half day),1,0,visible,,,,,taxable,parent,1,,,0,0,,,,,0,,,24500,,,,,,,id:3694,,,,,,27,"Add'l Guest (1,500 THB each)",4 additional guests,,1,Add Birthday Package?,"With Birthday Package (3\,000 THB)",,1,Add I-Love-You Package?,"With I-Love-You Package (3\,000 THB)",,1,Add Masseuse?,Without Massuese (0 THB),,1,Add Photographer?,Without Photographer (0 THB),,1,,6000,3000,3000,0,0,24500
3959,"variation, virtual",,Explore Southern Islands (half day),1,0,visible,,,,,taxable,parent,1,,,0,0,,,,,0,,,29500,,,,,,,id:3694,,,,,,28,"Add'l Guest (1,500 THB each)",4 additional guests,,1,Add Birthday Package?,"With Birthday Package (3\,000 THB)",,1,Add I-Love-You Package?,"With I-Love-You Package (3\,000 THB)",,1,Add Masseuse?,Without Massuese (0 THB),,1,Add Photographer?,"With Photographer (5\,000 THB)",,1,,6000,3000,3000,0,5000,29500
3960,"variation, virtual",,Explore Southern Islands (half day),1,0,visible,,,,,taxable,parent,1,,,0,0,,,,,0,,,29500,,,,,,,id:3694,,,,,,29,"Add'l Guest (1,500 THB each)",4 additional guests,,1,Add Birthday Package?,"With Birthday Package (3\,000 THB)",,1,Add I-Love-You Package?,"With I-Love-You Package (3\,000 THB)",,1,Add Masseuse?,"With Massuese (2\,500 THB)",,1,Add Photographer?,Without Photographer (0 THB),,1,,6000,3000,3000,5000,0,29500
3961,"variation, virtual",,Explore Southern Islands (half day),1,0,visible,,,,,taxable,parent,1,,,0,0,,,,,0,,,34500,,,,,,,id:3694,,,,,,30,"Add'l Guest (1,500 THB each)",4 additional guests,,1,Add Birthday Package?,"With Birthday Package (3\,000 THB)",,1,Add I-Love-You Package?,"With I-Love-You Package (3\,000 THB)",,1,Add Masseuse?,"With Massuese (2\,500 THB)",,1,Add Photographer?,"With Photographer (5\,000 THB)",,1,,6000,3000,3000,5000,5000,34500
